timestamp,cpu_percent_mean,memory_percent_mean,memory_used_mean,gpu_utilization_mean,gpu_memory_used_mean,gpu_memory_free_mean,gpu_memory_total_mean
2025-03-18 19:21:34,0.0,45.3,6.241207122802734,0.0,16413.3125,6160.8125,23034.0
2025-03-18 19:21:38,23.017972491922055,44.87556288030553,6.17214331678021,77.8370287810138,16652.180709022705,5921.944290802553,23034.00000000001
2025-03-18 19:21:39,24.11071474787892,45.3,6.23542284875858,87.591248360127,16628.049558554027,5946.075426822403,23034.0
2025-03-18 19:21:43,23.097036422530486,44.88402383956635,6.173444053738874,78.07858845875678,16652.800529473985,5921.3244703574155,23034.000000000007
2025-03-18 19:21:44,25.49831066455218,45.274120641970356,6.233348721749078,91.7185860803576,16654.699667719557,5919.425329207549,23034.0
2025-03-18 19:21:48,23.1774960910178,44.89060143507043,6.17450743928286,78.38818557712278,16653.782526436942,5920.342473014243,23034.000000000007
2025-03-18 19:21:49,26.039883124677882,45.24956831288471,6.229947597833185,93.66897461926267,16673.12081727951,5901.004178871828,23034.0
2025-03-18 19:21:53,23.253595252665633,44.89691152381753,6.175459737460789,78.67770801808297,16655.159778524,5918.965221135881,23034.000000000007
2025-03-18 19:21:54,26.282309029048115,45.23742271815807,6.227841517032252,93.97387945623662,16684.929102512742,5889.195894004688,23034.0
2025-03-18 19:21:58,23.33005164938298,44.90297458465897,6.176387597553567,79.03814608192977,16656.483114809096,5917.641884840915,23034.000000000007
2025-03-18 19:21:59,26.456288250347683,45.22995478056137,6.226879148987015,94.3781153961659,16692.18963175976,5881.935366055305,23034.0
2025-03-18 19:22:03,23.430986194708957,44.90879791131026,6.17735266166854,79.3930235211061,16657.754127227196,5916.37087220741,23034.00000000001
2025-03-18 19:22:04,26.855692489090597,45.22497255611118,6.2266541905707085,94.94697022812664,16697.03348676135,5877.091511793584,23034.0
2025-03-18 19:22:08,23.521516808964318,44.913110210006785,6.178118891778087,79.70392064932987,16658.974022820017,5915.150976873135,23034.000000000015
2025-03-18 19:22:09,26.95453081207309,45.2084314684406,6.224981380334713,95.18065100347422,16700.490079052266,5873.634920152051,23034.0
2025-03-18 19:22:13,23.586984418510227,44.91664039874855,6.178774703285678,80.07399965838026,16660.151543567823,5913.97345613681,23034.000000000015
2025-03-18 19:22:14,26.949703057950387,45.194884319391946,6.2234636246808535,95.65895286716207,16703.091578004023,5871.0334213639635,23034.0
2025-03-18 19:22:18,23.648549125965328,44.920038533682586,6.179389326391363,80.27856157755622,16661.28501661541,5912.839983104526,23034.000000000004
2025-03-18 19:22:19,26.948659996880274,45.184375565501796,6.2221217828750115,95.22591778674582,16705.10960545665,5869.015394050775,23034.0
2025-03-18 19:22:23,23.709675889922178,44.923307923871754,6.179949854632054,80.58302432056749,16662.375546769388,5911.749452808511,23034.000000000007
2025-03-18 19:22:24,26.93593801203353,45.17586102654012,6.2209272655284025,95.63241774212477,16706.74467776577,5867.380321806707,23033.999999999996
2025-03-18 19:22:28,23.768419262435764,44.92646453454225,6.180529423186989,80.85896812875308,16663.42845689881,5910.696542824233,23034.000000000004
2025-03-18 19:22:29,26.93901010785507,45.16905325829928,6.220208458685244,95.30905525926264,16708.051994493635,5866.0730050873435,23033.999999999996
2025-03-18 19:22:33,23.82684681664702,44.92950583189704,6.1810713766990455,81.16743888910536,16664.442904155316,5909.682095583331,23034.0
2025-03-18 19:22:34,26.926621941775416,45.16330048915331,6.2195503890166615,95.15070961302098,16709.156715972484,5864.9682836268385,23033.999999999993
2025-03-18 19:22:38,23.881651124468455,44.93244417207891,6.181616658393115,81.41115516034668,16665.423010197508,5908.701989461257,23034.000000000004
2025-03-18 19:22:39,26.914399956520604,45.15843198274105,6.218839138476404,95.50299683206357,16710.091629786893,5864.0333699405,23034.0
2025-03-18 19:22:43,23.95558173202347,44.93528514014421,6.1821141691948185,81.6544990354998,16666.37957889708,5907.745420836446,23034.000000000004
2025-03-18 19:22:44,27.030219387491304,45.15426475398979,6.218231432270854,95.82371222444965,16710.964706764007,5863.160292948759,23033.999999999993
2025-03-18 19:22:48,24.00813413575305,44.93802936040524,6.1825421112903145,81.78235261206918,16667.328105693432,5906.796894065887,23034.0
2025-03-18 19:22:49,27.027297235945724,45.150651759331396,6.217544329122972,96.1017730535056,16711.786833518356,5862.338166183788,23033.999999999993
2025-03-18 19:22:53,24.05104029372569,44.94068157853349,6.182957481212247,81.99381254813623,16668.24483336997,5905.8801662653805,23034.000000000004
2025-03-18 19:22:54,27.045013674445368,45.14555155848438,6.216801792418447,96.05834896813951,16712.506946944006,5861.618052877861,23033.999999999993
2025-03-18 19:22:58,24.105157551306657,44.94166315740469,6.183197196342641,82.21821783079676,16669.136545405312,5904.988454362309,23034.0
2025-03-18 19:22:59,27.024989277631413,45.13699754614578,6.215634698088564,96.16085538182875,16713.1419856446,5860.983014153365,23033.999999999993
2025-03-18 19:23:03,24.146501156698548,44.94258512175338,6.183405209451878,82.43547961386268,16669.992750441434,5904.132249326711,23033.999999999996
2025-03-18 19:23:04,27.00525090180635,45.12939506753729,6.2145160997466755,95.93085991119911,16713.70638312198,5860.4186167457765,23033.999999999993
2025-03-18 19:23:08,24.18719558680525,44.943482182857906,6.183597827765478,82.70765894384141,16670.82582846274,5903.299171317505,23033.999999999996
2025-03-18 19:23:09,26.992888245816854,45.12257351694157,6.213537813599355,95.91305462029909,16714.21280623331,5859.912193594431,23033.99999999999
2025-03-18 19:23:13,24.225466386190803,44.944353130626716,6.183819065520888,82.97413638145234,16671.63465559731,5902.490344203962,23033.999999999996
2025-03-18 19:23:14,26.977722859860982,45.116463686737625,6.212777453879125,96.05663057505649,16714.666391517218,5859.4586083670065,23033.999999999996
2025-03-18 19:23:18,24.263178655799056,44.94519408723644,6.184006288950132,83.14156128215852,16672.41563080307,5901.709368990286,23033.999999999996
2025-03-18 19:23:19,26.960706136111693,45.11092842896486,6.2119641266995895,96.17675002643927,16715.077321614255,5859.047678254064,23033.999999999993
2025-03-18 19:23:23,24.30993824102646,44.94601538365698,6.1842257354874315,83.394194160177,16673.17834804307,5900.946651760925,23033.999999999996
2025-03-18 19:23:24,26.98368266692747,45.10588578299007,6.211435904621316,96.350549398764,16715.45168085943,5858.673319057013,23033.999999999993
2025-03-18 19:23:28,24.345300411321126,44.94777943122487,6.18449652237627,83.51340296543897,16673.912208386893,5900.212791379063,23033.999999999996
2025-03-18 19:23:29,26.97234182391389,45.105227271619725,6.211086953095441,96.34732837637031,16715.79323647005,5858.331763447026,23033.999999999996
2025-03-18 19:23:33,24.37982193262869,44.9499849842522,6.184790344816133,83.72429224474435,16674.627978265406,5899.497021548341,23033.999999999996
2025-03-18 19:23:34,26.961844618067893,45.10500947615138,6.210847286084381,96.22812026607782,16716.106528441174,5858.018471450198,23033.999999999996
2025-03-18 19:23:38,24.41445495816256,44.95212753513495,6.185088925716184,83.84675972046307,16675.323302385543,5898.801697392357,23033.999999999996
2025-03-18 19:23:39,26.95303647705224,45.10480911871681,6.210641373186344,96.29309749981343,16716.394736063467,5857.730263852464,23034.0
2025-03-18 19:23:43,24.44871850099158,44.954211313315625,6.185379575134405,83.9546394097057,16675.999553474,5898.125446267476,23033.999999999996
2025-03-18 19:23:44,26.953680370460532,45.10462456909124,6.210453596454073,96.42766997515858,16716.6602047603,5857.46479518139,23034.0
2025-03-18 19:23:48,24.48435651623213,44.956115223185776,6.185666130831908,84.11834128021509,16676.656544121088,5897.468455710444,23033.999999999996
2025-03-18 19:23:49,26.95503198644135,45.10258013977941,6.210196836925978,96.39446565697426,16716.906421525033,5857.218578391916,23034.000000000004
2025-03-18 19:23:53,24.514500620105558,44.95707445790613,6.185889322196853,84.33573881002042,16677.295198429074,5896.829801398217,23033.999999999993
2025-03-18 19:23:54,26.94294961283913,45.10071646988663,6.209931167173099,96.26132930011987,16717.135353028934,5856.989646887275,23034.0
2025-03-18 19:23:58,24.54462517843221,44.95811247727096,6.1860886494885365,84.41508575619461,16677.917585775725,5896.207414066016,23033.999999999996
2025-03-18 19:23:59,26.937701449681363,45.097563592409664,6.209563627896619,96.35488023921347,16717.348491406603,5856.776508532143,23034.0
2025-03-18 19:24:03,24.573283151873134,44.958670613302665,6.186251437126864,84.53267837691605,16678.52245697277,5895.602542800321,23033.99999999999
2025-03-18 19:24:04,26.928120676867383,45.09431643173325,6.209176853694927,96.19046459199654,16717.546988616825,5856.578011307869,23034.0
2025-03-18 19:24:08,24.60102280518643,44.95921385253155,6.186409273151643,84.6806870042107,16679.111183067147,5895.013816782808,23033.999999999993
2025-03-18 19:24:09,26.927505409504363,45.09226233703088,6.208878159724092,96.17048742347671,16717.73284477336,5856.3921551744625,23034.000000000004
2025-03-18 19:24:13,24.659705933951845,44.96471804834594,6.187253989724465,84.80789255765565,16679.686726635726,5894.438273216978,23033.999999999996
2025-03-18 19:24:14,27.00885663170269,45.10411055837251,6.210623320964593,96.04394548895517,16717.907070803685,5856.217929138563,23034.000000000007
2025-03-18 19:24:18,24.701671890402483,44.96943696987547,6.187983892132394,85.00027235171518,16680.244576410638,5893.880423438084,23033.999999999993
2025-03-18 19:24:19,27.028982885226217,45.11033585906273,6.211525522871339,95.96858300125119,16718.070807332544,5856.054192627754,23034.000000000004
2025-03-18 19:24:23,24.734396471259977,44.9727908636879,6.188523800859572,85.15050438762982,16680.79087693913,5893.3341229101725,23033.999999999996
2025-03-18 19:24:24,27.037257322785106,45.11325678685213,6.2120509921532685,95.94719448541339,16718.224955784164,5855.90004416288,23034.0
2025-03-18 19:24:28,24.766281935486035,44.9756287733144,6.18902795080997,85.24623422181715,16681.32198500975,5892.803014785567,23033.999999999993
2025-03-18 19:24:29,27.043766925883684,45.11573555500972,6.212565913188671,96.02297563633672,16718.370337006258,5855.754662956477,23034.0
2025-03-18 19:24:33,24.79501106933983,44.978394117360175,6.189539973856138,85.34362449104897,16681.83951213944,5892.28548766089,23034.0
2025-03-18 19:24:34,27.044606253611505,45.11807472221118,6.2130644613895045,95.85055609463258,16718.507530627186,5855.617469328493,23034.0
2025-03-18 19:24:38,24.82004598987154,44.98110031640036,6.190042367271479,85.43983052956352,16682.345970175294,5891.779029699808,23033.999999999996
2025-03-18 19:24:39,27.037806604722228,45.120291056830105,6.213536434743851,95.64083224498316,16718.63752004991,5855.487479912709,23034.000000000004
2025-03-18 19:24:43,24.850182125176648,44.98318022045997,6.190441584483623,85.53323829712333,16682.83935781624,5891.2856420589305,23033.999999999993
2025-03-18 19:24:44,27.05484145529023,45.12053503458093,6.213651980179566,95.51697321295458,16718.76023897681,5855.364760987748,23034.000000000007
2025-03-18 19:24:48,24.87826206839195,44.984570573037956,6.190648120157242,85.64910612172804,16683.321056485827,5890.803943385628,23033.99999999999
2025-03-18 19:24:49,27.053424757751248,45.120008044076656,6.213469675538967,95.40559004644354,16718.877063693548,5855.24793626939,23034.0
2025-03-18 19:24:53,24.909979256312166,44.98592911328938,6.190874753626964,85.6867455210689,16683.791733587037,5890.333266286499,23033.99999999999
2025-03-18 19:24:54,27.064331772944517,45.11950740008087,6.21344045956698,95.42025374098635,16718.988047727787,5855.136952245848,23034.000000000004
2025-03-18 19:24:58,24.93392724791655,44.987255187903585,6.1911594479612635,85.85313719124834,16684.251162693417,5889.873837182132,23033.999999999993
2025-03-18 19:24:59,27.06292956226539,45.11903234308636,6.213494566352592,95.3187212335973,16719.09335960387,5855.031640368152,23034.000000000007
2025-03-18 19:25:03,24.959780176282614,44.98854973325292,6.191423281010246,85.96526868857215,16684.699668510217,5889.425331319352,23033.999999999993
2025-03-18 19:25:04,27.058168702315943,45.11857940880378,6.213467010304421,95.4301269368308,16719.193767281115,5854.931232687327,23034.000000000004
2025-03-18 19:25:08,24.982095590205844,44.98981433328026,6.191638819325863,86.0940025533825,16685.137798950163,5888.987200940506,23033.99999999999
2025-03-18 19:25:09,27.05471481245939,45.11814712556497,6.21336460829705,95.38636625607194,16719.289596971506,5854.835403002315,23034.0
2025-03-18 19:25:13,25.006013711932958,44.99105246764998,6.191820734150414,86.22580659948316,16685.566760437243,5888.558239439755,23033.99999999999
2025-03-18 19:25:14,27.053128987133174,45.11773532905728,6.21322080775069,95.29816694362762,16719.380885118626,5854.744114856724,23034.000000000004
2025-03-18 19:25:18,25.101876120027182,44.99315875169234,6.192124388799853,86.3371172508397,16699.862077212583,5874.262903256509,23033.99999999999
2025-03-18 19:25:19,27.380790554181743,45.12312699512582,6.213982114914859,95.0786889595257,16782.77693183873,5791.348026214481,23034.000000000007
2025-03-18 19:25:23,25.4393062552823,45.00078120232745,6.1932824369806205,86.40918951623655,16752.791084648703,5821.333897334738,23033.99999999998
2025-03-18 19:25:24,27.91820801475806,45.1350041502077,6.215731190463567,95.15985996010144,16885.974557045352,5688.150407295975,23034.000000000007
2025-03-18 19:25:28,25.491005096220345,45.00728608113779,6.1943350194046385,86.52614939162882,16804.838484302654,5769.2865018841785,23033.999999999985
2025-03-18 19:25:29,27.901687852345837,45.14490483075072,6.217327314162707,95.21192736181361,16985.223591463367,5588.901383306846,23034.000000000004
2025-03-18 19:25:33,25.508713473652403,45.0136644082936,6.1953522222014215,86.58493481923428,16855.873306989564,5718.251678383191,23033.999999999985
2025-03-18 19:25:34,27.885130631081953,45.15437496378392,6.218816380577417,95.24923785923158,17080.156676409882,5493.968300702434,23034.0
2025-03-18 19:25:38,25.52392510848501,45.01989682181887,6.196375718397589,86.71116981889092,16905.74063395354,5668.384352419963,23033.99999999999
2025-03-18 19:25:39,27.879585667207472,45.163684637975294,6.220319536841755,95.25888675100163,17171.323262580765,5402.801706349208,23034.000000000004
2025-03-18 19:25:43,25.55042694563086,45.02691555782456,6.197401475799525,86.85119424453907,16954.64888480981,5619.476100302448,23033.99999999999
2025-03-18 19:25:44,27.87483597050774,45.17419283779397,6.221785996986771,95.29767953679467,17258.78025946456,5315.3447187547445,23034.0
2025-03-18 19:25:48,25.565543987138497,45.03302952064321,6.1983541765125265,86.97508352872369,17002.483191301,5571.641796770331,23033.99999999999
2025-03-18 19:25:49,27.855314911574773,45.18254203739335,6.223079654680003,95.37809212651474,17342.869572516083,5231.255395505361,23034.000000000004
2025-03-18 19:25:53,25.580774027530023,45.038873345263475,6.199267259673039,87.08888148949033,17049.327232546824,5524.7977547490045,23033.99999999998
2025-03-18 19:25:54,27.834955298506483,45.190573583843445,6.224306904377053,95.41458011741564,17423.759568577392,5150.365405403723,23033.999999999996
2025-03-18 19:25:58,25.59339238619325,45.04459720195688,6.200165863948539,87.18416399188902,17095.209603047068,5478.915384779481,23033.999999999985
2025-03-18 19:25:59,27.814222502874735,45.19829789718117,6.225500590282289,95.42178399192439,17501.555268684948,5072.56970597815,23033.999999999996
2025-03-18 19:26:03,25.607114409539722,45.05020146579263,6.201053021137475,87.24952113872331,17140.133319165427,5433.9916690838045,23033.999999999985
2025-03-18 19:26:04,27.797205218018885,45.20572816730091,6.226659617370601,95.45386737976536,17576.389501935064,4997.73547468628,23034.0
2025-03-18 19:26:08,25.62061274989152,45.055703781538696,6.201922594080968,87.33513029822161,17184.239828523154,5389.885156295394,23033.99999999999
2025-03-18 19:26:09,27.77894972147734,45.21289404692917,6.227757823145797,95.48097159681922,17648.56088835,4925.56408996404,23034.0
2025-03-18 19:26:13,25.632782885871418,45.061095744481776,6.2027408401899935,87.43880813292593,17227.461759104342,5346.663227980489,23033.99999999999
2025-03-18 19:26:14,27.761709990395286,45.21981191708849,6.228773567034351,95.54278620199825,17718.234454563444,4855.890526842513,23034.0
2025-03-18 19:26:18,25.64922873880631,45.06636904778634,6.203549275109294,87.48153221513498,17269.732485500124,5304.392502926761,23033.99999999999
2025-03-18 19:26:19,27.753031115775425,45.22648727239258,6.229784712112522,95.55874153009776,17785.465541222333,4788.659437928161,23033.999999999996
2025-03-18 19:26:23,25.66310451506255,45.07155032308008,6.204383584688967,87.57349640314693,17311.26553251459,5262.859455963118,23033.99999999999
2025-03-18 19:26:24,27.73938664814468,45.23291893024817,6.230827431849196,95.55431165401622,17850.242207433825,4723.882777412488,23033.999999999993
2025-03-18 19:26:28,25.6755699734577,45.07663872577461,6.205192266076245,87.67715041908114,17352.054112022426,5222.070877248481,23033.99999999999
2025-03-18 19:26:29,27.72388713281915,45.23913837247497,6.231776994771651,95.53473690671201,17912.88154360311,4661.2434400151615,23033.999999999993
2025-03-18 19:26:33,25.70374984540032,45.08186805316297,6.205990968547046,87.77452155702485,17391.990930532837,5182.134056804896,23033.999999999993
2025-03-18 19:26:34,27.74218834276147,45.24598086242883,6.232788680944247,95.57233037473165,17973.410011347245,4600.714967690221,23033.999999999993
2025-03-18 19:26:38,25.71934579352849,45.08769295496428,6.206855896404562,87.88972706210399,17431.148170977493,5142.976818772357,23033.999999999996
2025-03-18 19:26:39,27.730005897081345,45.25342987713238,6.23385623376222,95.57604189917362,18032.046384033725,4542.078599488896,23033.999999999996
2025-03-18 19:26:43,25.730412294449593,45.09341091266664,6.207714884778644,87.95142484503408,17469.586485904463,5104.538504188535,23033.999999999993
2025-03-18 19:26:44,27.71545303235452,45.26061573428747,6.234904878251298,95.59326697715022,18088.611297265717,4485.5136896826925,23034.0
2025-03-18 19:26:48,25.740937437741373,45.09902728880374,6.208566772847979,88.03484816300599,17507.342094234853,5066.782895890531,23033.999999999993
2025-03-18 19:26:49,27.701806831139006,45.26759438040717,6.235938202761444,95.64497917634259,18143.545105274876,4430.5798819773,23033.999999999996
2025-03-18 19:26:53,25.75142810524971,45.10454570990056,6.209417064550114,88.04419156837771,17544.438893294504,5029.686096717726,23033.999999999996
2025-03-18 19:26:54,27.687610324196697,45.27435212335318,6.236964930189641,95.64422362396678,18196.74002945252,4377.384958090191,23033.999999999996
2025-03-18 19:26:58,25.762194105128764,45.10995650227405,6.2102368860609385,88.05429851003423,17580.812327720105,4993.3126616077425,23033.999999999996
2025-03-18 19:26:59,27.673594585899668,45.28089837259421,6.237922291063104,95.69889739071675,18248.270139215998,4325.854846473946,23033.999999999996
2025-03-18 19:27:03,25.77322188799127,45.11527331354543,6.211040784766058,88.10086244418827,17616.553988257172,4957.571001892395,23033.999999999996
2025-03-18 19:27:04,27.665952831948612,45.287252533765546,6.238857229633587,95.7156825158486,18298.288219522623,4275.836764334183,23034.0
2025-03-18 19:27:08,25.789021925569244,45.12049406814093,6.211812410532472,88.18748781284239,17651.649910580247,4922.475079542409,23034.000000000004
2025-03-18 19:27:09,27.673362429612826,45.293404974458106,6.239711334975597,95.59929747591258,18346.718405540996,4227.406575545842,23034.0
2025-03-18 19:27:13,25.82075466880445,45.125623603939864,6.21259759265023,88.26066697614705,17686.132628404655,4887.992362370562,23034.0
2025-03-18 19:27:14,27.68762795321842,45.29938275115859,6.240614311292625,95.5670442448745,18393.773622375316,4180.351365754939,23034.0
2025-03-18 19:27:18,25.835322918483367,45.1306621917058,6.213362864464343,88.31982085796349,17720.003962407427,4854.12102893183,23034.0
2025-03-18 19:27:19,27.697061329711975,45.30518945389751,6.241454708300756,95.60282515239217,18439.482244133655,4134.642744518018,23034.000000000004
2025-03-18 19:27:23,25.879387613370515,45.13560189639361,6.214100053312528,88.34797426466359,17753.21056156763,4820.91442965742,23034.0
2025-03-18 19:27:24,27.726683971357893,45.31082670501874,6.24225499172733,95.61969763986967,18483.856998265688,4090.2679903577996,23034.0
2025-03-18 19:27:28,25.902916254430952,45.140500268714874,6.2148289513324855,88.38744177371308,17786.13931011315,4787.985681775693,23034.0
2025-03-18 19:27:29,27.738815153791798,45.31634724121011,6.243070471672697,95.62096440699884,18527.313001644347,4046.8119880570125,23034.0
2025-03-18 19:27:33,25.913996182048503,45.145255219577706,6.215557565188822,88.4576750647371,17818.10392614877,4756.021065692588,23034.0
2025-03-18 19:27:34,27.727555451799518,45.32163081218619,6.243850385846645,95.62852584518713,18568.90368415259,4005.2213048453477,23034.0
2025-03-18 19:27:38,25.92346765092943,45.14939859027265,6.216201987663323,88.51552878446573,17849.68470433242,4724.440286768927,23034.000000000004
2025-03-18 19:27:39,27.716470172681593,45.32558922053128,6.244485655269472,95.63363239997638,18609.718237998466,3964.406752425872,23034.0
2025-03-18 19:27:43,25.933949540837858,45.15318808046761,6.2168061655049875,88.55647885708082,17880.78119184468,4693.3438002069315,23034.000000000007
2025-03-18 19:27:44,27.707040048606014,45.32930052657955,6.245047615703315,95.69268593474044,18649.448134860242,3924.676855742959,23034.0
2025-03-18 19:27:48,25.94296943311895,45.1569087984388,6.2173568989708565,88.54801478638755,17911.313344324368,4662.811647919733,23034.00000000001
2025-03-18 19:27:49,27.696086283552706,45.332908223163976,6.245575809171953,95.72072943944718,18688.0688813796,3886.056107863868,23033.999999999993
2025-03-18 19:27:53,25.95213886150449,45.160583654562515,6.217928260401465,88.63774643911277,17941.46927538208,4632.6557165728545,23034.000000000007
2025-03-18 19:27:54,27.697128446916334,45.33681608006457,6.246163504551804,95.72902083676591,18725.713884309964,3848.411105593426,23033.999999999993
2025-03-18 19:27:58,25.96739555500923,45.16473220884396,6.218550986451126,88.69803102249728,17970.918753665013,4603.206238772601,23034.000000000007
2025-03-18 19:27:59,27.68595154939023,45.341273308324,6.246809195978116,95.73762497454709,18762.35869004601,3811.766300985983,23033.999999999993
2025-03-18 19:28:03,25.9761462045621,45.169015153620705,6.21917183075237,88.76205485936534,17999.982328595033,4574.142663330843,23034.000000000007
2025-03-18 19:28:04,27.675980740276742,45.34549136631777,6.247423729897876,95.66780101200952,18798.068987812738,3776.0560031659284,23033.999999999996
2025-03-18 19:28:08,25.98404254998646,45.17249797305928,6.219720349308917,88.84046627798648,18028.648565287356,4545.476425973777,23034.00000000001
2025-03-18 19:28:09,27.66639420679624,45.34870480165029,6.2479147392621925,95.69645229484516,18832.78103554588,3741.343955315599,23033.99999999999
2025-03-18 19:28:13,25.992397688477542,45.175907759917116,6.220269255472767,88.91000244475862,18056.713672468588,4517.411318931391,23034.000000000004
2025-03-18 19:28:14,27.656692989404352,45.351846984687114,6.248444261760741,95.72526392014075,18866.723409051057,3707.401582975514,23033.999999999993
2025-03-18 19:28:18,26.00038424747738,45.17973612120572,6.220840226835088,88.94775642140354,18084.48537655594,4489.6396165190845,23034.000000000004
2025-03-18 19:28:19,27.6494901564815,45.355534693427515,6.248977366584867,95.70746079194687,18899.839616996258,3674.285374637947,23033.99999999998
2025-03-18 19:28:23,26.016682333722517,45.18356174525461,6.221415108617306,88.99210586827013,18111.7551016073,4462.369890007598,23034.000000000007
2025-03-18 19:28:24,27.653731770543057,45.35948747990037,6.249541232365472,95.66874671122883,18932.093547182983,3642.031441720038,23033.999999999975
2025-03-18 19:28:28,26.025110995778572,45.18759154121099,6.221992849576501,89.05465626322218,18138.562942587174,4435.562050542797,23034.00000000001
2025-03-18 19:28:29,27.645045728224925,45.363361963893006,6.250081137577431,95.69990819699072,18963.69614301976,3610.428848266068,23033.999999999978
2025-03-18 19:28:33,26.032961071089385,45.191205814321656,6.222534052867662,89.10458652865813,18164.934218615897,4409.190774200598,23034.000000000015
2025-03-18 19:28:34,27.636299166197865,45.36628957091058,6.250561886925779,95.71138707228455,18994.330846254776,3579.7941463306743,23033.999999999978
2025-03-18 19:28:38,26.050506802773047,45.19470266372001,6.223079397301759,89.17394371160164,18190.991180261204,4383.133812820315,23034.00000000001
2025-03-18 19:28:39,27.647128867204355,45.369859267693926,6.251078804150141,95.74812446928728,19024.395475899008,3549.7295165038554,23033.999999999978
2025-03-18 19:28:43,26.07134514824068,45.1982146630432,6.223610716552007,89.20141417086053,18216.61527924765,4357.509714396954,23034.000000000007
2025-03-18 19:28:44,27.655678880398693,45.372891707935224,6.251540903821211,95.75713284338372,19053.743067009866,3520.381925626427,23033.99999999998
2025-03-18 19:28:48,26.08215573269561,45.20125646339495,6.224089886644555,89.20591714486973,18241.831026010525,4332.293966928335,23034.000000000007
2025-03-18 19:28:49,27.663166967746232,45.37583383981397,6.2520149080265774,95.77714704560725,19082.351074397244,3491.7739174440485,23033.99999999998
2025-03-18 19:28:53,26.12764750642882,45.20489499126354,6.224681028365596,89.28708281437399,18266.686462620877,4307.438531015833,23034.000000000004
2025-03-18 19:28:54,27.684941881454296,45.37951924987128,6.252604923535141,95.793118958148,19110.374951560178,3463.7500419051207,23033.99999999998
2025-03-18 19:28:58,26.13534166212498,45.2081027671312,6.225196346981876,89.3564042051017,18291.158800994264,4282.96619268837,23034.000000000004
2025-03-18 19:28:59,27.678711213154585,45.38211365294082,6.2530339852051675,95.70538370377571,19137.73492813179,3436.3900648299186,23033.999999999978
2025-03-18 19:29:03,26.143546453951224,45.21149108859054,6.225691044959137,89.41990370151476,18315.304734194484,4258.8202591506615,23034.000000000007
2025-03-18 19:29:04,27.673563458078057,45.385414461774296,6.25347624018428,95.64520041496806,19164.515016227135,3409.60997430119,23033.999999999978
2025-03-18 19:29:08,26.150806506584367,45.21445331634719,6.226169443072933,89.47489956570281,18339.03829969726,4235.086692325303,23034.000000000007
2025-03-18 19:29:09,27.666611668736984,45.38777124494127,6.253887560966492,95.6691760034521,19190.685153815335,3383.4398396075426,23033.999999999985
2025-03-18 19:29:13,26.161670606606297,45.217267441746344,6.226643854852278,89.5290986944012,18362.455650230662,4211.669343400051,23034.000000000007
2025-03-18 19:29:14,27.669597067002954,45.39008095452159,6.2542938601016145,95.64307979792895,19216.332594450738,3357.792399165539,23033.999999999985
2025-03-18 19:29:18,26.17469204322952,45.22051593352171,6.227150265053737,89.58998381253697,18385.56257663082,4188.562417362408,23034.00000000001
2025-03-18 19:29:19,27.67077552987858,45.39330002987933,6.254770738990252,95.64607408885348,19241.400797654926,3332.724195948998,23033.999999999993
2025-03-18 19:29:23,26.184619979344554,45.22363943914629,6.2276416566053765,89.6289276780983,18408.295395109108,4165.829598974654,23034.00000000001
2025-03-18 19:29:24,27.670916061428116,45.39582511430936,6.255167922826162,95.6540913280542,19265.926169630784,3308.198824302551,23033.999999999996
2025-03-18 19:29:28,26.194330924219393,45.22650384725112,6.228096379194917,89.69664352225668,18430.700749889118,4143.42424401189,23034.00000000001
2025-03-18 19:29:29,27.667577083961547,45.39849059427679,6.255560193230312,95.65557905735197,19289.920421486364,3284.2045718138506,23033.999999999996
2025-03-18 19:29:33,26.205788337220568,45.22940597383175,6.228551908015616,89.6895886227525,18452.84423117351,4121.2807631648675,23034.00000000001
2025-03-18 19:29:34,27.671766820062054,45.40100925312264,6.255949645125572,95.68002664799957,19313.458414751858,3260.6665789663252,23034.0
2025-03-18 19:29:38,26.213485143864286,45.23270237674098,6.229021154282799,89.7480040082311,18474.60301087805,4099.521983236646,23034.00000000001
2025-03-18 19:29:39,27.665531327219593,45.40408625573518,6.256354910717449,95.68738481621304,19336.44767008797,3237.6773238501137,23033.999999999996
2025-03-18 19:29:43,26.220555821302806,45.235964423262445,6.229498052844209,89.77556143842884,18496.052557128784,4078.072436935653,23034.00000000001
2025-03-18 19:29:44,27.664262215437297,45.40710805102626,6.256790469397962,95.67330635564784,19359.024453793932,3215.100460151356,23034.0
2025-03-18 19:29:48,26.22889167127439,45.2391965365042,6.230000979511862,89.7761264308962,18517.30527197685,4056.8197220480056,23034.00000000001
2025-03-18 19:29:49,27.660829227594327,45.41006796051365,6.257247151713099,95.70498069176683,19381.138869431845,3192.98612334857,23034.000000000004
2025-03-18 19:29:53,26.23676750293578,45.24236933520297,6.230480313202639,89.76465983864418,18538.1680664511,4035.95692537291,23034.000000000015
2025-03-18 19:29:54,27.662633522974875,45.41296413783529,6.257656023129255,95.72576743090428,19402.77712342204,3171.3478709599435,23034.0
2025-03-18 19:29:58,26.24726815518056,45.24550393106434,6.230944475771145,89.7705701169973,18558.77946427743,4015.3455306876012,23034.000000000015
2025-03-18 19:29:59,27.65638231016465,45.41580645277754,6.258062802016329,95.71846048779301,19424.012953570833,3150.112039955038,23034.0
2025-03-18 19:30:03,26.256995062686418,45.24859756477147,6.2314109194988765,89.81027627452896,18579.1216110409,3995.003383830732,23034.00000000002
2025-03-18 19:30:04,27.65769419597691,45.418589122930115,6.258471562099326,95.70295306577952,19444.803158388982,3129.321836829352,23034.0
2025-03-18 19:30:08,26.26169683496338,45.25164370664169,6.231873375289966,89.86957583860509,18599.151477520925,3974.9735174199254,23034.000000000022
2025-03-18 19:30:09,27.650901105501283,45.421323475385925,6.258877249639148,95.72697438387638,19465.23236762979,3108.892627034183,23033.999999999996
2025-03-18 19:30:13,26.26687636727212,45.25465335539009,6.232346394539408,89.92144747597791,18618.941385645074,3955.1836090882493,23034.000000000015
2025-03-18 19:30:14,27.64339174091403,45.42400358090191,6.259303304075216,95.74673304868746,19485.256280041267,3088.8687137338266,23034.0
2025-03-18 19:30:18,26.27181788961583,45.257620322407476,6.232830577550712,89.9343251823577,18638.45063749519,3935.674357269472,23034.00000000001
2025-03-18 19:30:19,27.64502650414556,45.42663095894892,6.259743980346612,95.67749829694607,19504.88624854101,3069.238746129783,23033.999999999996
2025-03-18 19:30:23,26.28222886466205,45.26071120581591,6.233324635765291,89.96352199887535,18657.698848217897,3916.426147032832,23034.00000000002
2025-03-18 19:30:24,27.640109694999044,45.42957301331087,6.260193915200037,95.6871125600644,19524.133242709268,3049.9917524813964,23034.0
2025-03-18 19:30:28,26.286747618696943,45.26386235779364,6.233807911848335,90.0029333380364,18676.731439948493,3897.3935552173007,23034.000000000015
2025-03-18 19:30:29,27.64291094425379,45.4334667573777,6.260756807653961,95.71234498869353,19543.0452691822,3031.079723775426,23033.999999999996
2025-03-18 19:30:33,26.29775620730376,45.26825165540587,6.234468537072812,90.02302455846916,18695.501189611885,3878.6238053559046,23034.00000000001
2025-03-18 19:30:34,27.637495306387304,45.438076249770894,6.261431151528969,95.64197048306016,19561.606113339432,3012.5188813659947,23033.999999999996
2025-03-18 19:30:38,26.345723116018203,45.27309992796572,6.235177886981199,90.00203451808262,18714.04940331484,3860.0755908351753,23034.000000000007
2025-03-18 19:30:39,27.772417188451225,45.44394131878008,6.262257906779316,95.67071864538248,19579.88197743123,2994.2430155989196,23033.999999999996
2025-03-18 19:30:43,26.534700359707944,45.27855951793313,6.2359706254481635,90.03947060740647,18732.34550710471,3841.7794881376717,23034.000000000004
2025-03-18 19:30:44,27.997226637680253,45.4497267322537,6.263099574658564,95.6670961536519,19597.776099567072,2976.34889554208,23033.999999999996
2025-03-18 19:30:48,26.57079027744493,45.28380798329385,6.236763319119152,90.10311185585473,18750.331298265686,3823.793696750324,23034.000000000007
2025-03-18 19:30:49,28.00249363807606,45.455578929613566,6.263968908419918,95.63165404537644,19615.321138108175,2958.803857819595,23033.999999999993
2025-03-18 19:30:53,26.5774875359337,45.28901385137396,6.237546710810374,90.14886967327257,18768.171114364177,3805.953880573646,23034.00000000001
2025-03-18 19:30:54,27.99584672256515,45.46132850976182,6.264822524599386,95.63940841947797,19632.558532287454,2941.566463473263,23033.999999999996
2025-03-18 19:30:58,26.5816020189454,45.29414692571737,6.238319307816713,90.19457914827169,18785.761476261854,3788.3635188796256,23034.000000000007
2025-03-18 19:30:59,27.987823992816566,45.466980587940945,6.265662462877866,95.65821326622887,19649.50361307805,2924.621382287204,23033.999999999993
2025-03-18 19:31:03,26.585437518373652,45.29921385419299,6.239079136479672,90.2369115998445,18803.12516387146,3770.9998310203255,23034.00000000001
2025-03-18 19:31:04,27.98893517145138,45.472529771641724,6.266479444793076,95.69627433795583,19666.14022194207,2907.9847719167283,23033.999999999996
2025-03-18 19:31:08,26.59455422598697,45.30421066953451,6.23982833547518,90.27868692631978,18820.24858323736,3753.876412467749,23034.00000000001
2025-03-18 19:31:09,27.98352178407034,45.47798781593951,6.267289819528628,95.72494301020038,19682.50357248143,2891.621423140816,23033.99999999999
2025-03-18 19:31:13,26.600246641410585,45.30915387680096,6.240561477004388,90.33756531946047,18837.188295499684,3736.936699652743,23034.00000000001
2025-03-18 19:31:14,27.980436586640614,45.4833537834663,6.268041383706164,95.7115635371547,19698.590882044606,2875.5341139396496,23033.999999999985
2025-03-18 19:31:18,26.60545814145354,45.31404043803089,6.241253216807,90.38587268569046,18853.93388947118,3720.1911056378117,23034.0
2025-03-18 19:31:19,27.981038548508895,45.48862387386421,6.268767712388474,95.69209555935771,19714.39075242348,2859.734243190745,23033.999999999985
2025-03-18 19:31:23,26.617637097433125,45.31858800700566,6.2419191780163095,90.39992275800988,18870.455754454917,3703.669240980001,23034.000000000004
2025-03-18 19:31:24,27.987861492878118,45.49316220244556,6.269445468661091,95.72849369704073,19729.98798973731,2844.1370062772803,23033.99999999999
2025-03-18 19:31:28,26.706080542158258,45.324684698039505,6.242818267547544,90.43252097593815,18867.787064068005,3706.337939279151,23034.00000000001
2025-03-18 19:31:29,28.079379558864773,45.50057407468186,6.270526780937519,95.63885918942735,19709.30569808521,2864.8193087390136,23033.999999999985
2025-03-18 19:31:33,26.803823112993708,45.33097523866291,6.243749511153205,90.47462627241984,18854.75550535529,3719.3694983905407,23034.000000000007
2025-03-18 19:31:34,28.263910376576817,45.50796672354943,6.271575072109946,95.55219971041615,19684.44014205941,2889.6848644545985,23033.99999999998
2025-03-18 19:31:38,26.855764722723457,45.33740521440801,6.244673421656764,90.50426001789066,18841.935292590293,3732.189710625548,23034.00000000001
2025-03-18 19:31:39,28.2716724154669,45.5153410377505,6.272617763120049,95.4670266556773,19659.960903002575,2914.1641033117985,23033.99999999998
2025-03-18 19:31:43,26.873474263563264,45.34376598782644,6.245602728548102,90.54794999567565,18829.253054754106,3744.8719482974025,23034.00000000001
2025-03-18 19:31:44,28.2832185915838,45.52260115778375,6.273661565098073,95.47965368814113,19635.86075592465,2938.2642505682916,23033.999999999978
2025-03-18 19:31:48,26.891903056302592,45.35018965146483,6.24657600376786,90.58154239413086,18816.735428866847,3757.389574497343,23034.000000000015
2025-03-18 19:31:49,28.30473147636938,45.530142107872294,6.274804210672601,95.4969835915297,19612.144256524218,2961.980750948196,23033.99999999998
2025-03-18 19:31:53,26.904090243213368,45.35699576553071,6.247587546744066,90.59945203233926,18804.343756801165,3769.7812463510218,23034.000000000015
2025-03-18 19:31:54,28.304060462473185,45.537950322399155,6.275940429845129,95.51387036967424,19588.88661160518,2985.2383940790683,23033.99999999999
2025-03-18 19:31:58,26.90514305059397,45.363454442966166,6.248536603573209,90.644922263051,18792.10875988529,3782.0162433028904,23034.000000000015
2025-03-18 19:31:59,28.294425652352597,45.545102166726956,6.276984173725247,95.53988150004267,19565.946494916985,3008.1785108129434,23033.999999999985
2025-03-18 19:32:03,26.92107047954194,45.36926010354062,6.249409456515411,90.67228402797994,18780.00330589922,3794.1216975643956,23034.000000000015
2025-03-18 19:32:04,28.29781890976726,45.551337312559745,6.277918830370842,95.5303876997828,19543.405004822696,3030.7200008169775,23033.999999999985
2025-03-18 19:32:08,26.92179730316036,45.37467457443556,6.250217085658965,90.69910636930746,18768.038746947666,3806.086256097849,23034.000000000015
2025-03-18 19:32:09,28.287800738096482,45.55722887509758,6.27878712471499,95.51297510467745,19521.212433219247,3052.9125724199776,23033.99999999999
2025-03-18 19:32:13,26.926462238087566,45.38002064520204,6.251026278538074,90.68148949579707,18756.225334477414,3817.8996686951073,23034.00000000002
2025-03-18 19:32:14,28.28385398820184,45.56302795901936,6.279660171071909,95.43612092868982,19499.368211286794,3074.756794659306,23033.99999999999
2025-03-18 19:32:18,26.92692791866015,45.38530955656848,6.251834051861472,90.73506110800507,18744.53822899309,3829.5867741222382,23034.00000000002
2025-03-18 19:32:19,28.28016299418746,45.56874043883369,6.280530345119361,95.4541549286922,19477.850212514055,3096.2747930799824,23033.999999999985
2025-03-18 19:32:23,26.932870599057285,45.39053694415906,6.25263618795094,90.75731878686074,18732.987075402307,3841.137927608537,23034.00000000001
2025-03-18 19:32:24,28.27234563642428,45.5743619567707,6.281388352091469,95.47334043445139,19456.674854811255,3117.450150659169,23033.999999999985
2025-03-18 19:32:28,26.933468079604058,45.39569911944352,6.253416550557491,90.79418389402497,18721.580022807088,3852.544980212761,23034.00000000001
2025-03-18 19:32:29,28.26314050270244,45.579903810143406,6.28221156052812,95.50791150132528,19435.79958199713,3138.3254233485986,23033.999999999985
2025-03-18 19:32:33,26.938003845281255,45.400811232998976,6.254179868369657,90.8227907850702,18710.28359500357,3863.8414079374124,23034.000000000015
2025-03-18 19:32:34,28.255664662119017,45.58535622369158,6.283018767215064,95.53240132434715,19415.261213975653,3158.863791285391,23033.999999999985
2025-03-18 19:32:38,26.938580186911082,45.405861667138325,6.254944218467125,90.84739875350478,18699.123460611547,3875.001542407484,23034.00000000001
2025-03-18 19:32:39,28.247680048147306,45.59073236868324,6.283829878108648,95.51632440468343,19395.010135482877,3179.1148697795124,23033.99999999999
2025-03-18 19:32:43,26.94444223163546,45.41085085450553,6.2556943077250695,90.83313124342074,18688.09866352413,3886.0263393953683,23034.000000000015
2025-03-18 19:32:44,28.24200443191837,45.5960366363918,6.284612741877775,95.46919842770822,19375.029808743966,3199.095196717113,23033.99999999999
2025-03-18 19:32:48,26.94887551290524,45.41579396225588,6.256435601276483,90.8682636675623,18677.17569747894,3896.949305212846,23034.00000000002
2025-03-18 19:32:49,28.239247735823394,45.60123843215788,6.285391784781874,95.45502663353858,19355.435472390378,3218.689532167582,23033.99999999999
2025-03-18 19:32:53,26.949462347539985,45.42068107795176,6.257187474931551,90.89637922510438,18666.376453413843,3907.7485493984714,23034.000000000015
2025-03-18 19:32:54,28.235108530948693,45.60659421715559,6.2861912852513555,95.45068438403815,19336.04834582982,3238.0766596639764,23033.999999999985
2025-03-18 19:32:58,26.975395833607674,45.42623995906476,6.258009461137451,90.8965961262667,18655.707806179587,3918.4171966657036,23034.000000000022
2025-03-18 19:32:59,28.260918630275423,45.613223731149056,6.287146412690076,95.48343459213801,19317.012801537756,3257.112203308365,23033.99999999999
2025-03-18 19:33:03,26.978157038885875,45.43265633445807,6.258942824146287,90.93377916289838,18645.144341275,3928.9806614342565,23034.000000000015
2025-03-18 19:33:04,28.252895293979037,45.62037448944636,6.288176536899761,95.47905624988913,19298.217330802545,3275.9076742348843,23033.999999999993
2025-03-18 19:33:08,26.983021546647258,45.438998813933,6.259872737896426,90.94761018280691,18634.702532236093,3939.422470464482,23034.00000000002
2025-03-18 19:33:09,28.247663961474117,45.627420928655695,6.289197998542254,95.48760581202292,19279.69604695392,3294.428960512208,23033.999999999993
2025-03-18 19:33:13,26.985451620519225,45.44526734349242,6.260792416739551,90.98104650493957,18624.382469905697,3949.7425327659175,23034.000000000022
2025-03-18 19:33:14,28.24414764459181,45.63436774947811,6.290205915721584,95.49681038039269,19261.436616410832,3312.688390296506,23033.999999999996
2025-03-18 19:33:18,26.986540642352477,45.45147831694272,6.261704080981554,91.01437997124471,18614.157162933636,3959.9678397906177,23034.000000000022
2025-03-18 19:33:19,28.234694155111463,45.64121379008723,6.2912002015104775,95.49261631508735,19243.44209754629,3330.6829074933985,23033.999999999993
2025-03-18 19:33:23,26.994412098876968,45.45748990743988,6.262582627533968,91.0320151012895,18604.047077277057,3970.0779256192786,23034.000000000025
2025-03-18 19:33:24,28.23699012690424,45.64762581924572,6.292120305993785,95.48038263446804,19225.69806690797,3348.4269400700773,23033.999999999996
2025-03-18 19:33:28,26.99498852614986,45.463032543745555,6.2633846852753985,91.04459296079719,18594.047907247503,3980.077096433936,23034.000000000022
2025-03-18 19:33:29,28.22845795855311,45.65358858834522,6.292973668621258,95.50462310564164,19208.192684086007,3365.9323205011756,23033.999999999996
2025-03-18 19:33:33,27.001490254951996,45.46852704588858,6.264208823068223,91.07933196506103,18584.135588612,3989.989414046146,23034.00000000002
2025-03-18 19:33:34,28.22879060898053,45.659464190843934,6.2938589814466965,95.4691295058684,19190.94318899936,3383.1818151471507,23033.999999999996
2025-03-18 19:33:38,27.003339254407773,45.47396286839021,6.265032577246041,91.11232661185483,18574.329122238967,3999.79588037173,23034.00000000002
2025-03-18 19:33:39,28.226046656617882,45.66526655720652,6.294729810578087,95.47229318583122,19173.908702672405,3400.2163018260626,23033.999999999996
2025-03-18 19:33:43,27.006967108194342,45.47932138535824,6.2658390607326115,91.15874281568156,18564.66211985489,4009.4628826919134,23034.000000000022
2025-03-18 19:33:44,28.217897685086353,45.6709880298605,6.295587843020771,95.42647791383467,19157.111699527584,3417.013304539388,23034.0
2025-03-18 19:33:48,27.0104681438967,45.48464299275704,6.266647960331655,91.1737557049079,18555.061703368643,4019.063299149779,23034.000000000025
2025-03-18 19:33:49,28.214477211266406,45.67661480479076,6.296441409733004,95.43943120853854,19140.59270979401,3433.5322944843897,23034.0
2025-03-18 19:33:53,27.010654776760152,45.48990002333238,6.267456555197505,91.20372405174187,18545.57778555376,4028.5472170708726,23034.000000000025
2025-03-18 19:33:54,28.206198817703143,45.6821767780135,6.297299441518648,95.45746118638642,19124.263955010232,3449.861050180638,23033.999999999996
2025-03-18 19:33:58,27.013781988859368,45.49518855754215,6.268252151686497,91.17173615929148,18535.955452406863,4038.1695513503914,23034.00000000003
2025-03-18 19:33:59,28.20120139194834,45.68747664073643,6.2980868469902855,95.4742013104176,19108.153765425403,3465.971238575548,23033.999999999993
2025-03-18 19:34:03,27.013183441238322,45.499710003304834,6.2689441192013895,91.13562571284805,18526.897477790742,4047.227524708215,23034.000000000025
2025-03-18 19:34:04,28.191250414017823,45.6922340315175,6.298816422929626,95.47506332669691,19092.230609087583,3481.894395144504,23033.999999999993
2025-03-18 19:34:08,27.01624151202238,45.50430739565963,6.26965861112656,91.14790085486294,18517.687346931856,4056.4376554849514,23034.000000000025
2025-03-18 19:34:09,28.189060191018505,45.69698334487581,6.299551532163982,95.44232905988457,19076.547007657224,3497.577996300961,23034.0
2025-03-18 19:34:13,27.016683638864325,45.50909140482064,6.270369772386708,91.17518126409412,18508.587004602723,4065.5379988950835,23034.000000000022
2025-03-18 19:34:14,28.186210517635583,45.701998394431826,6.300278627209033,95.47192660583066,19061.078575111133,3513.0464286412202,23034.000000000004
2025-03-18 19:34:18,27.02059551556594,45.5140610950992,6.271082840429306,91.2092246645609,18499.56509160294,4074.5599107652893,23034.000000000025
2025-03-18 19:34:19,28.179283794070823,45.7069015487202,6.300991591430124,95.49353840709942,19045.79875032413,3528.326253531114,23034.00000000001
2025-03-18 19:34:23,27.024714906890296,45.51851240819602,6.271760407959915,91.23324908568073,18490.64047600396,4083.484527638809,23034.000000000025
2025-03-18 19:34:24,28.179092795092867,45.71140204431062,6.301681450031887,95.47616261762043,19030.718152398415,3543.4068514669243,23034.000000000007
2025-03-18 19:34:28,27.02674672161703,45.52293131648698,6.272451297756797,91.25082704470675,18481.780846665148,4092.3441557261044,23034.000000000022
2025-03-18 19:34:29,28.177164138722823,45.715853670665126,6.302366768440926,95.48996735607334,19015.80130893073,3558.3236949440147,23034.0
2025-03-18 19:34:33,27.03481924275919,45.52729390232361,6.273107669473761,91.27139933539371,18473.034133288387,4101.090868992091,23034.00000000002
2025-03-18 19:34:34,28.175530596346626,45.72022619134117,6.30301663124012,95.50836110921779,19001.149539810453,3572.9754639535668,23034.0
2025-03-18 19:34:38,27.038550751449115,45.53161498228118,6.273772137953614,91.29669474058946,18464.370635750303,4109.754366507745,23034.000000000015
2025-03-18 19:34:39,28.173287444352106,45.72456082329031,6.303686997676749,95.46803273079517,18986.62471840241,3587.5002868445176,23034.000000000004
2025-03-18 19:34:43,27.04288335443944,45.53588418298257,6.274436323115201,91.32459481777248,18455.811152409544,4118.313849828047,23034.000000000015
2025-03-18 19:34:44,28.172857542449364,45.72882957053426,6.304350741607214,95.42083165705543,18972.32068998883,3601.8043137146497,23034.000000000007
2025-03-18 19:34:48,27.04745418945436,45.5401226225991,6.275096799513108,91.3427316437135,18447.313344211067,4126.811658053614,23034.000000000015
2025-03-18 19:34:49,28.169701282905937,45.73305259801428,6.305013138011503,95.43957328651676,18958.169854473843,3615.9551490706117,23034.000000000007
2025-03-18 19:34:53,27.04745807867789,45.5443472008005,6.275755138922283,91.3795871072302,18438.915883955786,4135.20911827013,23034.00000000001
2025-03-18 19:34:54,28.165555620123794,45.737534172655934,6.3056787568650305,95.44072444540423,18944.15700946146,3629.9679941193094,23034.000000000007
2025-03-18 19:34:58,27.052747501610483,45.54898974973783,6.27642456280954,91.39811198292186,18430.581504955342,4143.543497265592,23034.000000000007
2025-03-18 19:34:59,28.162778191309524,45.742249024218765,6.30635315928003,95.45526223504935,18930.423997429996,3643.7010063533394,23034.00000000001
2025-03-18 19:35:03,27.05091965655597,45.55357788242176,6.2770931694011,91.411734936623,18422.34481540057,4151.780186798979,23034.000000000007
2025-03-18 19:35:04,28.17270581908159,45.738294216374165,6.305742333457591,95.47991212182426,18916.79486383394,3657.330140525708,23034.000000000007
2025-03-18 19:35:08,27.090839207982444,45.535524024365294,6.274397933339088,91.44122708981479,18414.15906437336,4159.965938357859,23034.00000000001
2025-03-18 19:35:09,28.245502114144006,45.71647513981642,6.302470173398694,95.4902879677485,18903.299659359873,3670.825346203266,23034.000000000004
2025-03-18 19:35:13,27.24380275025099,45.529484591451826,6.273487418052671,91.46147249274972,18406.08142788826,4168.043574365916,23034.00000000001
2025-03-18 19:35:14,28.480860835742966,45.713448286710396,6.302002371398836,95.44073708068822,18890.04387729169,3684.0811263809323,23034.000000000007
2025-03-18 19:35:18,27.38328341245838,45.537879761836344,6.2747091749049995,91.4618197157048,18407.594364386838,4166.530631226783,23034.00000000001
2025-03-18 19:35:19,28.622770700590724,45.72612515577682,6.303842104703956,95.45255964740579,18897.524018613825,3676.600975532285,23034.000000000007
2025-03-18 19:35:23,27.497668437481458,45.55190447871814,6.276742518514796,91.47759219316801,18421.430153235513,4152.694843135113,23034.000000000015
2025-03-18 19:35:24,28.711034998733727,45.7428330722687,6.306256348552138,95.44704394527369,18912.24656800164,3661.878428247874,23034.00000000001
2025-03-18 19:35:28,27.511818702565634,45.56550630699373,6.278737658123921,91.47980790850116,18435.213247837648,4138.911748402429,23034.000000000015
2025-03-18 19:35:29,28.718431749770698,45.75881258475413,6.308591487622219,95.4598919970829,18926.802960467365,3647.322035739949,23034.000000000007
2025-03-18 19:35:33,27.51457031627748,45.5788134925697,6.280665788541127,91.47703146274816,18448.87127348925,4125.25372313941,23034.000000000015
2025-03-18 19:35:34,28.715406897416685,45.77454466059322,6.3108481476864124,95.39372501010624,18941.203390939474,3632.9216053416912,23034.000000000004
2025-03-18 19:35:38,27.513190287998164,45.59199808140663,6.282559469680718,91.4733069035506,18462.403468745168,4111.721527726647,23034.00000000001
2025-03-18 19:35:39,28.707419620833786,45.79008023451834,6.313066561680838,95.36390782732288,18955.424017952246,3618.7009773267314,23034.000000000007
2025-03-18 19:35:43,27.51529540894361,45.60504901481194,6.284434394109757,91.45425314079957,18475.798489848203,4098.32650606659,23034.000000000015
2025-03-18 19:35:44,28.702317640537984,45.805464469742994,6.3152664162854295,95.3660205075215,18969.506116062643,3604.6188798863695,23034.00000000001
2025-03-18 19:35:48,27.513316256331542,45.61799433494282,6.286298261108758,91.46865028363804,18489.08510590595,4085.039890710135,23034.00000000002
2025-03-18 19:35:49,28.69284943104767,45.82059285588951,6.317437349204814,95.36744063155436,18983.354019474533,3590.770976908134,23034.000000000007
2025-03-18 19:35:53,27.515072647710703,45.63080863097809,6.288143840776751,91.45227401919752,18502.237247524106,4071.8877475514378,23034.000000000022
2025-03-18 19:35:54,28.6863715984428,45.83563007002607,6.31958958108592,95.37441150727552,18997.1184691527,3577.0065263441143,23034.000000000015
2025-03-18 19:35:58,27.512691702809985,45.64352257606876,6.289972928924814,91.47133154300863,18515.28639109206,4058.8386052225173,23034.000000000022
2025-03-18 19:35:59,28.681364006125175,45.85043312727299,6.321710362211714,95.39256599670617,19010.668581306283,3563.45641526763,23034.00000000002
2025-03-18 19:36:03,27.513755442276985,45.656108379017695,6.291793684578796,91.48158603278422,18528.204015235893,4045.920980803593,23034.00000000002
2025-03-18 19:36:04,28.67667601203554,45.8650807041514,6.323824099022526,95.39779569516868,19024.076372614632,3550.0486234651585,23034.000000000015
2025-03-18 19:36:08,27.51495656587707,45.66855442402705,6.293601957408809,91.50392519479999,18540.978196300035,4033.1468001065423,23034.000000000015
2025-03-18 19:36:09,28.668617386043344,45.87956495274637,6.325922697024579,95.41133756792713,19037.33465805402,3536.790338518551,23034.00000000002
2025-03-18 19:36:13,27.516845472262197,45.68121578364606,6.295419107720537,91.53045068700442,18553.679589064886,4020.445407396963,23034.00000000002
2025-03-18 19:36:14,28.664478344548346,45.89437410263358,6.3280240663718335,95.42490492996265,19050.437067439634,3523.687929250045,23034.00000000002
2025-03-18 19:36:18,27.515622359300167,45.69374284559298,6.297223599322415,91.54098734507457,18566.260102684813,4007.8648941117203,23034.00000000002
2025-03-18 19:36:19,28.659680605901606,45.90891108691804,6.3301044473387265,95.41448964090145,19063.393128335174,3510.731866172599,23034.000000000022
2025-03-18 19:36:23,27.51564648351128,45.70630733413806,6.299021756600913,91.53351264246294,18578.698870010117,3995.426126542167,23034.000000000022
2025-03-18 19:36:24,28.65080690706502,45.923468658684605,6.332180727864947,95.41341292054139,19076.20874517035,3497.9162515142248,23034.000000000022
2025-03-18 19:36:28,27.517276006852057,45.7188206792708,6.300818858095429,91.56519021664214,18591.087014236004,3983.037980823107,23034.000000000022
2025-03-18 19:36:29,28.64696592725325,45.93786303990613,6.334241491399431,95.39870673414374,19088.880723242215,3485.2442735825634,23034.000000000022
